{
  "created_at": "2025-09-11T15:05:12.330327Z",
  "grid": {
    "N_e": [
      1000
    ],
    "N_b": [
      1000
    ],
    "M_e": [
      100
    ],
    "M_b": [
      100
    ],
    "K": [
      600
    ],
    "p": [
      1
    ],
    "c": [
      0.6
    ],
    "t": [
      0.08
    ],
    "rf": [
      0.05
    ],
    "theta_e": [
      0.05,
      0.1,
      0.15,
      0.2,
      0.25,
      0.3,
      0.35,
      0.39999999999999997,
      0.44999999999999996,
      0.49999999999999994,
      0.5499999999999999,
      0.6,
      0.65,
      0.7,
      0.75,
      0.7999999999999999,
      0.85,
      0.9,
      0.95
    ],
    "theta_b": [
      0.05,
      0.1,
      0.15,
      0.2,
      0.25,
      0.3,
      0.35,
      0.39999999999999997,
      0.44999999999999996,
      0.49999999999999994,
      0.5499999999999999,
      0.6,
      0.65,
      0.7,
      0.75,
      0.7999999999999999,
      0.85,
      0.9,
      0.95
    ],
    "precision_e": [
      10,
      100,
      1000
    ],
    "precision_b": [
      10,
      100,
      1000
    ]
  },
  "keys": [
    "N_e",
    "N_b",
    "M_e",
    "M_b",
    "K",
    "p",
    "c",
    "t",
    "rf",
    "theta_e",
    "theta_b",
    "precision_e",
    "precision_b"
  ],
  "total_jobs": 3249
}